{
    "GradientBoosting": {
        "params": {
            "n_estimators": 594,
            "learning_rate": 0.0200038412959924,
            "max_depth": 3,
            "subsample": 0.8705334728543007
        },
        "metrics": {
            "train_rmse": 5.748530818175018,
            "test_rmse": 33.36694481758142,
            "test_mae": 18.15206152811024,
            "test_r2": 0.8707926841809065
        }
    },
    "XGBoost": {
        "params": {
            "n_estimators": 872,
            "learning_rate": 0.07325314690129955,
            "max_depth": 3,
            "subsample": 0.6916129339783204
        },
        "metrics": {
            "train_rmse": 1.638674914539266,
            "test_rmse": 27.564311448242115,
            "test_mae": 14.076163194174104,
            "test_r2": 0.9118243814464748
        }
    },
    "LightGBM": {
        "params": {
            "n_estimators": 683,
            "learning_rate": 0.12607870740064206,
            "max_depth": 3,
            "subsample": 0.9459576015169852
        },
        "metrics": {
            "train_rmse": 3.287604364020147,
            "test_rmse": 25.778930072275365,
            "test_mae": 13.175394807851372,
            "test_r2": 0.9228769857342645
        }
    }
}